{
  "highlights": [
    {
      "start": 60,
      "end": 77.84,
      "score": 0.6301463842391968
    },
    {
      "start": 100,
      "end": 115,
      "score": 0.633777379989624
    },
    {
      "start": 155,
      "end": 170,
      "score": 0.6595011949539185
    }
  ]
}